,MAE,MASE,prediction_trend_accuracy,noise_std,1-PTA,folder,experiment,noise_type
0,21532.854696085164,26.38486753426325,0.4505494505494505,baseline,0.5494505494505495,real_world_sir/tl_results,sir,tl
1,2863.069099845467,2.857720034140537,0.9807692307692308,4.0,0.0192307692307691,real_world_sir/tl_results,sir,tl
2,2639.881911057692,2.634949825486909,0.9807692307692308,16.0,0.0192307692307691,real_world_sir/tl_results,sir,tl
3,3787.783353365385,3.780706646053541,0.9807692307692308,16384.0,0.0192307692307691,real_world_sir/tl_results,sir,tl
4,2949.714865212912,2.944203919415032,0.9807692307692308,1024.0,0.0192307692307691,real_world_sir/tl_results,sir,tl
5,3736.285961109203,3.729305466262097,0.9807692307692308,256.0,0.0192307692307691,real_world_sir/tl_results,sir,tl
6,2287.059945913461,2.282787036844496,0.9807692307692308,0.0,0.0192307692307691,real_world_sir/tl_results,sir,tl
7,2810.042571686127,2.804792575327181,0.9807692307692308,64.0,0.0192307692307691,real_world_sir/tl_results,sir,tl
8,3876.056404532967,3.86881477687369,0.9807692307692308,4096.0,0.0192307692307691,real_world_sir/tl_results,sir,tl
9,21489.155771683672,26.331321901415382,0.5238095238095238,baseline,0.4761904761904761,real_world_sir/tl_results,sir,tl
10,884.7336881868132,0.8830807421822157,0.9743589743589745,4.0,0.0256410256410255,real_world_sir/tl_results,sir,tl
11,1028.5922046703297,1.0266704881156516,0.9743589743589745,16.0,0.0256410256410255,real_world_sir/tl_results,sir,tl
12,2133.824315333105,2.129837696055872,0.9807692307692308,16384.0,0.0192307692307691,real_world_sir/tl_results,sir,tl
13,969.8277493990385,0.968015822346953,0.967948717948718,1024.0,0.032051282051282,real_world_sir/tl_results,sir,tl
14,908.2775261847528,0.9065805932793836,0.9807692307692308,256.0,0.0192307692307691,real_world_sir/tl_results,sir,tl
15,901.826890882555,0.9001420096849395,0.9743589743589745,0.0,0.0256410256410255,real_world_sir/tl_results,sir,tl
16,991.7258649553572,0.9898730257021198,0.9423076923076924,64.0,0.0576923076923076,real_world_sir/tl_results,sir,tl
17,938.5929666037088,0.9368393954276518,0.9807692307692308,4096.0,0.0192307692307691,real_world_sir/tl_results,sir,tl
18,21523.81655342425,26.373792820750825,0.4725274725274725,baseline,0.5274725274725275,real_world_sir/tl_results,sir,tl
19,1561.6646527300825,1.558746998092627,0.9551282051282052,4.0,0.0448717948717948,real_world_sir/tl_results,sir,tl
20,1410.9265753777472,1.4082905443588192,0.9743589743589745,16.0,0.0256410256410255,real_world_sir/tl_results,sir,tl
21,2596.142020089286,2.591291653660639,0.9807692307692308,16384.0,0.0192307692307691,real_world_sir/tl_results,sir,tl
22,1633.034512362637,1.6299835175733333,0.9807692307692308,1024.0,0.0192307692307691,real_world_sir/tl_results,sir,tl
23,1559.234578897665,1.5563214643618082,0.9807692307692308,256.0,0.0192307692307691,real_world_sir/tl_results,sir,tl
24,1531.8528502747251,1.528990892962257,0.9743589743589745,0.0,0.0256410256410255,real_world_sir/tl_results,sir,tl
25,1527.9566341861262,1.525101956165611,0.9807692307692308,64.0,0.0192307692307691,real_world_sir/tl_results,sir,tl
26,2167.354760473901,2.1633054963397265,0.9807692307692308,4096.0,0.0192307692307691,real_world_sir/tl_results,sir,tl
27,21478.68455804798,26.3184912020678,0.3278388278388278,baseline,0.6721611721611722,real_world_sir/tl_results,sir,tl
28,1337.850382039835,1.335350879112266,0.9743589743589745,4.0,0.0256410256410255,real_world_sir/tl_results,sir,tl
29,1100.591528588599,1.0985352958553312,0.9230769230769232,16.0,0.0769230769230767,real_world_sir/tl_results,sir,tl
30,3800.008445655906,3.792908898231012,0.9807692307692308,16384.0,0.0192307692307691,real_world_sir/tl_results,sir,tl
31,1780.6906228537086,1.7773637624777885,0.9743589743589745,1024.0,0.0256410256410255,real_world_sir/tl_results,sir,tl
32,1535.9944518372254,1.533124756779663,0.9615384615384616,256.0,0.0384615384615384,real_world_sir/tl_results,sir,tl
33,1099.4061856112637,1.0973521674516746,0.9294871794871796,0.0,0.0705128205128203,real_world_sir/tl_results,sir,tl
34,1268.9425545157967,1.2665717919309003,0.9294871794871796,64.0,0.0705128205128203,real_world_sir/tl_results,sir,tl
35,1476.8104717548074,1.4740513499971204,0.9551282051282052,4096.0,0.0448717948717948,real_world_sir/tl_results,sir,tl
36,21503.011793870188,26.348300110533632,0.5054945054945055,baseline,0.4945054945054945,real_world_sir/tl_results,sir,tl
37,2510.9302240728025,2.506239058655319,0.9807692307692308,4.0,0.0192307692307691,real_world_sir/tl_results,sir,tl
38,2192.32020518544,2.188224298165796,0.9743589743589745,16.0,0.0256410256410255,real_world_sir/tl_results,sir,tl
39,3344.508778331044,3.3382602399332204,0.9807692307692308,16384.0,0.0192307692307691,real_world_sir/tl_results,sir,tl
40,2664.289942479395,2.659312255437167,0.9807692307692308,1024.0,0.0192307692307691,real_world_sir/tl_results,sir,tl
41,2611.069668612637,2.6061914128910715,0.9807692307692308,256.0,0.0192307692307691,real_world_sir/tl_results,sir,tl
42,1844.2885581215655,1.8408428778630013,0.9743589743589745,0.0,0.0256410256410255,real_world_sir/tl_results,sir,tl
43,2411.588749141484,2.4070831831832176,0.9807692307692308,64.0,0.0192307692307691,real_world_sir/tl_results,sir,tl
44,2793.33943595467,2.7881206460274903,0.9807692307692308,4096.0,0.0192307692307691,real_world_sir/tl_results,sir,tl
45,13.060312947812289,1.194691263347118,0.5217391304347826,baseline,0.4782608695652174,real_world_rosenbaum_coherent_new/tl_results,rosenbaum_coherent_new,tl
46,10.686253208215687,0.9775243056414612,0.782608695652174,4096.0,0.217391304347826,real_world_rosenbaum_coherent_new/tl_results,rosenbaum_coherent_new,tl
47,9.93133042211118,0.9084677936984,0.7608695652173914,4.0,0.2391304347826086,real_world_rosenbaum_coherent_new/tl_results,rosenbaum_coherent_new,tl
48,9.968081975743392,0.9118296396368764,0.782608695652174,16.0,0.217391304347826,real_world_rosenbaum_coherent_new/tl_results,rosenbaum_coherent_new,tl
49,9.803336700218312,0.8967595764512545,0.7608695652173914,64.0,0.2391304347826086,real_world_rosenbaum_coherent_new/tl_results,rosenbaum_coherent_new,tl
50,9.947156661213308,0.9099154978738286,0.782608695652174,0.0,0.217391304347826,real_world_rosenbaum_coherent_new/tl_results,rosenbaum_coherent_new,tl
51,9.89985789810402,0.9055888466458228,0.782608695652174,1024.0,0.217391304347826,real_world_rosenbaum_coherent_new/tl_results,rosenbaum_coherent_new,tl
52,9.762417285753337,0.8930164757186816,0.782608695652174,256.0,0.217391304347826,real_world_rosenbaum_coherent_new/tl_results,rosenbaum_coherent_new,tl
53,10.686253208215687,0.9775243056414612,0.782608695652174,16384.0,0.217391304347826,real_world_rosenbaum_coherent_new/tl_results,rosenbaum_coherent_new,tl
54,12.654861663597218,1.1576026339321734,0.4130434782608695,baseline,0.5869565217391305,real_world_rosenbaum_coherent_new/tl_results,rosenbaum_coherent_new,tl
55,10.685880749467492,0.9774902350020972,0.717391304347826,4096.0,0.2826086956521739,real_world_rosenbaum_coherent_new/tl_results,rosenbaum_coherent_new,tl
56,10.476567117442256,0.9583432843525044,0.7391304347826086,4.0,0.2608695652173913,real_world_rosenbaum_coherent_new/tl_results,rosenbaum_coherent_new,tl
57,10.561942986198096,0.9661530363018522,0.7391304347826086,16.0,0.2608695652173913,real_world_rosenbaum_coherent_new/tl_results,rosenbaum_coherent_new,tl
58,10.4717100541488,0.9578989848088866,0.7391304347826086,64.0,0.2608695652173913,real_world_rosenbaum_coherent_new/tl_results,rosenbaum_coherent_new,tl
59,10.553008177384088,0.9653357252563648,0.7391304347826086,0.0,0.2608695652173913,real_world_rosenbaum_coherent_new/tl_results,rosenbaum_coherent_new,tl
60,10.40048072759656,0.951383286872237,0.7391304347826086,1024.0,0.2608695652173913,real_world_rosenbaum_coherent_new/tl_results,rosenbaum_coherent_new,tl
61,10.453005833280262,0.9561880174416688,0.7608695652173914,256.0,0.2391304347826086,real_world_rosenbaum_coherent_new/tl_results,rosenbaum_coherent_new,tl
62,10.685880749467492,0.9774902350020972,0.717391304347826,16384.0,0.2826086956521739,real_world_rosenbaum_coherent_new/tl_results,rosenbaum_coherent_new,tl
63,13.086487271958504,1.1970855579177346,0.5434782608695652,baseline,0.4565217391304348,real_world_rosenbaum_coherent_new/tl_results,rosenbaum_coherent_new,tl
64,10.881796870577164,0.9954116492265388,0.7391304347826086,4096.0,0.2608695652173913,real_world_rosenbaum_coherent_new/tl_results,rosenbaum_coherent_new,tl
65,10.328144213358565,0.9447663090152404,0.7391304347826086,4.0,0.2608695652173913,real_world_rosenbaum_coherent_new/tl_results,rosenbaum_coherent_new,tl
66,10.355247554502627,0.947245585354308,0.7391304347826086,16.0,0.2608695652173913,real_world_rosenbaum_coherent_new/tl_results,rosenbaum_coherent_new,tl
67,10.403639435699022,0.9516722294870544,0.7391304347826086,64.0,0.2608695652173913,real_world_rosenbaum_coherent_new/tl_results,rosenbaum_coherent_new,tl
68,10.331262576338176,0.9450515610626128,0.7391304347826086,0.0,0.2608695652173913,real_world_rosenbaum_coherent_new/tl_results,rosenbaum_coherent_new,tl
69,10.341326908719717,0.9459721952017558,0.7391304347826086,1024.0,0.2608695652173913,real_world_rosenbaum_coherent_new/tl_results,rosenbaum_coherent_new,tl
70,10.497373188958653,0.9602465183687594,0.7391304347826086,256.0,0.2608695652173913,real_world_rosenbaum_coherent_new/tl_results,rosenbaum_coherent_new,tl
71,10.881796870577164,0.9954116492265388,0.7391304347826086,16384.0,0.2608695652173913,real_world_rosenbaum_coherent_new/tl_results,rosenbaum_coherent_new,tl
72,12.701114059669386,1.161833568804645,0.3695652173913043,baseline,0.6304347826086957,real_world_rosenbaum_coherent_new/tl_results,rosenbaum_coherent_new,tl
73,11.300894023508263,1.0337485335800112,0.8043478260869565,4096.0,0.1956521739130434,real_world_rosenbaum_coherent_new/tl_results,rosenbaum_coherent_new,tl
74,9.427254031084589,0.8623574391590093,0.7391304347826086,4.0,0.2608695652173913,real_world_rosenbaum_coherent_new/tl_results,rosenbaum_coherent_new,tl
75,9.39097183725108,0.8590385278770851,0.7391304347826086,16.0,0.2608695652173913,real_world_rosenbaum_coherent_new/tl_results,rosenbaum_coherent_new,tl
76,9.278817498580269,0.8487792171628699,0.7391304347826086,64.0,0.2608695652173913,real_world_rosenbaum_coherent_new/tl_results,rosenbaum_coherent_new,tl
77,9.42411996703217,0.8620707508570402,0.7391304347826086,0.0,0.2608695652173913,real_world_rosenbaum_coherent_new/tl_results,rosenbaum_coherent_new,tl
78,9.421985408948816,0.8618754922975034,0.7391304347826086,1024.0,0.2608695652173913,real_world_rosenbaum_coherent_new/tl_results,rosenbaum_coherent_new,tl
79,9.391101080853003,0.8590503504270254,0.7391304347826086,256.0,0.2608695652173913,real_world_rosenbaum_coherent_new/tl_results,rosenbaum_coherent_new,tl
80,11.300894023508263,1.0337485335800112,0.8043478260869565,16384.0,0.1956521739130434,real_world_rosenbaum_coherent_new/tl_results,rosenbaum_coherent_new,tl
81,13.111797069604846,1.199400769983938,0.4782608695652174,baseline,0.5217391304347826,real_world_rosenbaum_coherent_new/tl_results,rosenbaum_coherent_new,tl
82,11.713276186404022,1.0714711646639987,0.782608695652174,4096.0,0.217391304347826,real_world_rosenbaum_coherent_new/tl_results,rosenbaum_coherent_new,tl
83,9.68604536250018,0.8860303590888465,0.7391304347826086,4.0,0.2608695652173913,real_world_rosenbaum_coherent_new/tl_results,rosenbaum_coherent_new,tl
84,9.621071190212083,0.8800868509749159,0.7391304347826086,16.0,0.2608695652173913,real_world_rosenbaum_coherent_new/tl_results,rosenbaum_coherent_new,tl
85,9.762381571341251,0.8930132087451979,0.7391304347826086,64.0,0.2608695652173913,real_world_rosenbaum_coherent_new/tl_results,rosenbaum_coherent_new,tl
86,9.726408176698548,0.8897225448488341,0.7391304347826086,0.0,0.2608695652173913,real_world_rosenbaum_coherent_new/tl_results,rosenbaum_coherent_new,tl
87,9.496467416735662,0.8686887290350199,0.7391304347826086,1024.0,0.2608695652173913,real_world_rosenbaum_coherent_new/tl_results,rosenbaum_coherent_new,tl
88,9.62272851087045,0.880238454272557,0.7608695652173914,256.0,0.2391304347826086,real_world_rosenbaum_coherent_new/tl_results,rosenbaum_coherent_new,tl
89,11.713276186404022,1.0714711646639987,0.782608695652174,16384.0,0.217391304347826,real_world_rosenbaum_coherent_new/tl_results,rosenbaum_coherent_new,tl
90,12.456003812154137,0.9285131429112288,0.425,baseline,0.575,real_world_rosenbaum_incoherent/tl_results,rosenbaum_incoherent,tl
91,12.53493972524007,0.9343972959552792,0.425,4096.0,0.575,real_world_rosenbaum_incoherent/tl_results,rosenbaum_incoherent,tl
92,13.008733834584554,0.9697155299727584,0.575,4.0,0.425,real_world_rosenbaum_incoherent/tl_results,rosenbaum_incoherent,tl
93,13.01110056813558,0.9698919543895328,0.575,16.0,0.425,real_world_rosenbaum_incoherent/tl_results,rosenbaum_incoherent,tl
94,12.99888085301717,0.9689810550143252,0.575,64.0,0.425,real_world_rosenbaum_incoherent/tl_results,rosenbaum_incoherent,tl
95,13.013172203063965,0.9700463811452824,0.575,0.0,0.425,real_world_rosenbaum_incoherent/tl_results,rosenbaum_incoherent,tl
96,13.011562400817873,0.969926380977851,0.575,1024.0,0.425,real_world_rosenbaum_incoherent/tl_results,rosenbaum_incoherent,tl
97,12.93667198562622,0.9643437931886858,0.575,256.0,0.425,real_world_rosenbaum_incoherent/tl_results,rosenbaum_incoherent,tl
98,12.53493972524007,0.9343972959552792,0.425,16384.0,0.575,real_world_rosenbaum_incoherent/tl_results,rosenbaum_incoherent,tl
99,12.321769999186197,0.9185068952058292,0.425,baseline,0.575,real_world_rosenbaum_incoherent/tl_results,rosenbaum_incoherent,tl
100,12.73483730951945,0.9492983458456542,0.525,4096.0,0.475,real_world_rosenbaum_incoherent/tl_results,rosenbaum_incoherent,tl
101,12.906546217600503,0.9620981153634368,0.6,4.0,0.4,real_world_rosenbaum_incoherent/tl_results,rosenbaum_incoherent,tl
102,12.903495318094889,0.9618706908755044,0.6,16.0,0.4,real_world_rosenbaum_incoherent/tl_results,rosenbaum_incoherent,tl
103,12.8956760152181,0.961287813284987,0.6,64.0,0.4,real_world_rosenbaum_incoherent/tl_results,rosenbaum_incoherent,tl
104,12.91037789026896,0.9623837413543764,0.6,0.0,0.4,real_world_rosenbaum_incoherent/tl_results,rosenbaum_incoherent,tl
105,12.906064993540443,0.9620622432754712,0.6,1024.0,0.4,real_world_rosenbaum_incoherent/tl_results,rosenbaum_incoherent,tl
106,12.8717112604777,0.9595013984701976,0.6,256.0,0.4,real_world_rosenbaum_incoherent/tl_results,rosenbaum_incoherent,tl
107,12.73483730951945,0.9492983458456542,0.525,16384.0,0.475,real_world_rosenbaum_incoherent/tl_results,rosenbaum_incoherent,tl
108,12.18648924001058,0.9084226045479374,0.5,baseline,0.5,real_world_rosenbaum_incoherent/tl_results,rosenbaum_incoherent,tl
109,12.684777674357097,0.9455667293594556,0.525,4096.0,0.475,real_world_rosenbaum_incoherent/tl_results,rosenbaum_incoherent,tl
110,12.93743592707316,0.9644007399979994,0.575,4.0,0.425,real_world_rosenbaum_incoherent/tl_results,rosenbaum_incoherent,tl
111,12.94002969868978,0.9645940886090032,0.575,16.0,0.425,real_world_rosenbaum_incoherent/tl_results,rosenbaum_incoherent,tl
112,13.005767486572267,0.9694944082424352,0.575,64.0,0.425,real_world_rosenbaum_incoherent/tl_results,rosenbaum_incoherent,tl
113,12.939689332326251,0.964568716535688,0.575,0.0,0.425,real_world_rosenbaum_incoherent/tl_results,rosenbaum_incoherent,tl
114,12.939510327657066,0.9645553729151746,0.575,1024.0,0.425,real_world_rosenbaum_incoherent/tl_results,rosenbaum_incoherent,tl
115,13.036481978098552,0.9717839715317594,0.575,256.0,0.425,real_world_rosenbaum_incoherent/tl_results,rosenbaum_incoherent,tl
116,12.684777674357097,0.9455667293594556,0.525,16384.0,0.475,real_world_rosenbaum_incoherent/tl_results,rosenbaum_incoherent,tl
117,12.455006797790526,0.928438822049238,0.4,baseline,0.6,real_world_rosenbaum_incoherent/tl_results,rosenbaum_incoherent,tl
118,12.736136680603028,0.949395205412078,0.6,4096.0,0.4,real_world_rosenbaum_incoherent/tl_results,rosenbaum_incoherent,tl
119,13.207444496154787,0.9845281025832864,0.6,4.0,0.4,real_world_rosenbaum_incoherent/tl_results,rosenbaum_incoherent,tl
120,13.205084565480552,0.9843521852762246,0.6,16.0,0.4,real_world_rosenbaum_incoherent/tl_results,rosenbaum_incoherent,tl
121,13.308557434082031,0.9920654069386532,0.6,64.0,0.4,real_world_rosenbaum_incoherent/tl_results,rosenbaum_incoherent,tl
122,13.205781987508136,0.9844041735004204,0.6,0.0,0.4,real_world_rosenbaum_incoherent/tl_results,rosenbaum_incoherent,tl
123,13.205730679829914,0.984400348850534,0.6,1024.0,0.4,real_world_rosenbaum_incoherent/tl_results,rosenbaum_incoherent,tl
124,13.32910676320394,0.9935972242418144,0.6,256.0,0.4,real_world_rosenbaum_incoherent/tl_results,rosenbaum_incoherent,tl
125,12.736136680603028,0.949395205412078,0.6,16384.0,0.4,real_world_rosenbaum_incoherent/tl_results,rosenbaum_incoherent,tl
126,12.262743937174475,0.9141068905832632,0.475,baseline,0.525,real_world_rosenbaum_incoherent/tl_results,rosenbaum_incoherent,tl
127,12.023197228749591,0.8962502593178974,0.5,4096.0,0.5,real_world_rosenbaum_incoherent/tl_results,rosenbaum_incoherent,tl
128,13.081822854359944,0.9751638355840436,0.575,4.0,0.425,real_world_rosenbaum_incoherent/tl_results,rosenbaum_incoherent,tl
129,13.068626894632976,0.9741801635954512,0.575,16.0,0.425,real_world_rosenbaum_incoherent/tl_results,rosenbaum_incoherent,tl
130,13.026444226582845,0.9710357231891796,0.575,64.0,0.425,real_world_rosenbaum_incoherent/tl_results,rosenbaum_incoherent,tl
131,13.080531833648685,0.9750675984829432,0.575,0.0,0.425,real_world_rosenbaum_incoherent/tl_results,rosenbaum_incoherent,tl
132,13.082285322825117,0.9751983095657932,0.575,1024.0,0.425,real_world_rosenbaum_incoherent/tl_results,rosenbaum_incoherent,tl
133,12.957891986846922,0.9659256046848248,0.575,256.0,0.425,real_world_rosenbaum_incoherent/tl_results,rosenbaum_incoherent,tl
134,12.023197228749591,0.8962502593178974,0.5,16384.0,0.5,real_world_rosenbaum_incoherent/tl_results,rosenbaum_incoherent,tl
135,17.696874105341294,1.7617401489065254,0.7610294117647058,baseline,0.2389705882352941,real_world_lotka_volterra_results/tl,lotka_volterra,tl
136,16.678348109862384,1.6603449461007032,0.6544117647058824,4.0,0.3455882352941176,real_world_lotka_volterra_results/tl,lotka_volterra,tl
137,16.887487727782307,1.6811649880710131,0.6654411764705882,2.0,0.3345588235294118,real_world_lotka_volterra_results/tl,lotka_volterra,tl
138,15.711178413727705,1.5640623102892233,0.7426470588235294,0.0,0.2573529411764705,real_world_lotka_volterra_results/tl,lotka_volterra,tl
139,17.163120972465066,1.7086045319498069,0.6507352941176471,0.5,0.3492647058823529,real_world_lotka_volterra_results/tl,lotka_volterra,tl
140,16.53187076927634,1.645762991667428,0.6507352941176471,0.25,0.3492647058823529,real_world_lotka_volterra_results/tl,lotka_volterra,tl
141,17.1575479704913,1.7080497344602232,0.6544117647058824,1.0,0.3455882352941176,real_world_lotka_volterra_results/tl,lotka_volterra,tl
142,18.733010801427504,1.864888513209998,0.7794117647058824,baseline,0.2205882352941176,real_world_lotka_volterra_results/tl,lotka_volterra,tl
143,16.15676906686671,1.608421271026562,0.6948529411764706,4.0,0.3051470588235294,real_world_lotka_volterra_results/tl,lotka_volterra,tl
144,16.188541668611414,1.6115842628518795,0.7022058823529411,2.0,0.2977941176470589,real_world_lotka_volterra_results/tl,lotka_volterra,tl
145,13.35231350966061,1.3292351321896028,0.8161764705882353,0.0,0.1838235294117647,real_world_lotka_volterra_results/tl,lotka_volterra,tl
146,17.755694125455967,1.7675957361915269,0.6102941176470589,0.5,0.3897058823529411,real_world_lotka_volterra_results/tl,lotka_volterra,tl
147,16.71974601902681,1.6644661461624557,0.6801470588235294,0.25,0.3198529411764705,real_world_lotka_volterra_results/tl,lotka_volterra,tl
148,16.565803739435534,1.6491410501621235,0.6801470588235294,1.0,0.3198529411764705,real_world_lotka_volterra_results/tl,lotka_volterra,tl
149,18.446633990904864,1.836379437437048,0.7683823529411765,baseline,0.2316176470588234,real_world_lotka_volterra_results/tl,lotka_volterra,tl
150,16.028581549139584,1.5956600853378209,0.7169117647058824,4.0,0.2830882352941176,real_world_lotka_volterra_results/tl,lotka_volterra,tl
151,15.889327155618108,1.5817971819505852,0.7058823529411765,2.0,0.2941176470588235,real_world_lotka_volterra_results/tl,lotka_volterra,tl
152,14.747817888259888,1.4681588809329569,0.8198529411764706,0.0,0.1801470588235294,real_world_lotka_volterra_results/tl,lotka_volterra,tl
153,15.411805061901315,1.5342594168355097,0.7573529411764706,0.5,0.2426470588235294,real_world_lotka_volterra_results/tl,lotka_volterra,tl
154,16.840110245985144,1.6764485160353697,0.6176470588235294,0.25,0.3823529411764705,real_world_lotka_volterra_results/tl,lotka_volterra,tl
155,16.459258457520427,1.6385343690212009,0.6727941176470589,1.0,0.3272058823529411,real_world_lotka_volterra_results/tl,lotka_volterra,tl
156,20.050276503619024,1.996023529513692,0.7720588235294118,baseline,0.2279411764705882,real_world_lotka_volterra_results/tl,lotka_volterra,tl
157,16.88277041244507,1.6806953749757745,0.5955882352941176,4.0,0.4044117647058823,real_world_lotka_volterra_results/tl,lotka_volterra,tl
158,16.45186248173433,1.637798092806252,0.625,2.0,0.375,real_world_lotka_volterra_results/tl,lotka_volterra,tl
159,14.82545029483122,1.4758872586508989,0.8235294117647058,0.0,0.1764705882352941,real_world_lotka_volterra_results/tl,lotka_volterra,tl
160,17.333862484202665,1.725602007013628,0.625,0.5,0.375,real_world_lotka_volterra_results/tl,lotka_volterra,tl
161,14.800516240849216,1.473405050566374,0.7794117647058824,0.25,0.2205882352941176,real_world_lotka_volterra_results/tl,lotka_volterra,tl
162,16.892172218547145,1.6816313334497774,0.6213235294117647,1.0,0.3786764705882353,real_world_lotka_volterra_results/tl,lotka_volterra,tl
163,18.78849412424424,1.8704119291996888,0.7683823529411765,baseline,0.2316176470588234,real_world_lotka_volterra_results/tl,lotka_volterra,tl
164,16.475568325940298,1.640158031474108,0.6691176470588235,4.0,0.3308823529411765,real_world_lotka_volterra_results/tl,lotka_volterra,tl
165,16.380214915892658,1.6306655115061115,0.6507352941176471,2.0,0.3492647058823529,real_world_lotka_volterra_results/tl,lotka_volterra,tl
166,15.711623217638802,1.5641065909290643,0.8161764705882353,0.0,0.1838235294117647,real_world_lotka_volterra_results/tl,lotka_volterra,tl
167,17.3775543866999,1.7299515762286934,0.5992647058823529,0.5,0.4007352941176471,real_world_lotka_volterra_results/tl,lotka_volterra,tl
168,17.550868997012866,1.7472052056303,0.5808823529411765,0.25,0.4191176470588235,real_world_lotka_volterra_results/tl,lotka_volterra,tl
169,16.671314713982976,1.6596447650500754,0.6764705882352942,1.0,0.3235294117647058,real_world_lotka_volterra_results/tl,lotka_volterra,tl
170,21532.854696085164,26.38486753426325,0.4505494505494505,baseline,0.5494505494505495,real_world_sir/tl_multiplicative_results/tl_multiplicative,sir,tl_multiplicative
171,20888.754281850965,20.84972786814904,0.8141025641025641,0.125,0.1858974358974359,real_world_sir/tl_multiplicative_results/tl_multiplicative,sir,tl_multiplicative
172,2287.059945913461,2.282787036844496,0.9807692307692308,0.0,0.0192307692307691,real_world_sir/tl_multiplicative_results/tl_multiplicative,sir,tl_multiplicative
173,30796.551768543955,30.739014638579437,0.4935897435897436,0.5,0.5064102564102564,real_world_sir/tl_multiplicative_results/tl_multiplicative,sir,tl_multiplicative
174,17476.840294471152,17.444188352170933,0.8333333333333334,0.0625,0.1666666666666666,real_world_sir/tl_multiplicative_results/tl_multiplicative,sir,tl_multiplicative
175,31259.805207975616,31.20140258262864,0.4358974358974358,0.25,0.5641025641025642,real_world_sir/tl_multiplicative_results/tl_multiplicative,sir,tl_multiplicative
176,34979.68809023008,34.91433561587217,0.4935897435897436,1.0,0.5064102564102564,real_world_sir/tl_multiplicative_results/tl_multiplicative,sir,tl_multiplicative
177,21489.155771683672,26.331321901415382,0.5238095238095238,baseline,0.4761904761904761,real_world_sir/tl_multiplicative_results/tl_multiplicative,sir,tl_multiplicative
178,23760.892433250345,23.71650001015441,0.6282051282051283,0.125,0.3717948717948717,real_world_sir/tl_multiplicative_results/tl_multiplicative,sir,tl_multiplicative
179,901.826890882555,0.9001420096849395,0.9743589743589745,0.0,0.0256410256410255,real_world_sir/tl_multiplicative_results/tl_multiplicative,sir,tl_multiplicative
180,31769.968095381184,31.71061233383324,0.3397435897435897,0.5,0.6602564102564104,real_world_sir/tl_multiplicative_results/tl_multiplicative,sir,tl_multiplicative
181,18825.43131868132,18.79025980673537,0.8012820512820513,0.0625,0.1987179487179486,real_world_sir/tl_multiplicative_results/tl_multiplicative,sir,tl_multiplicative
182,33617.48112336882,33.554673657292355,0.2435897435897435,0.25,0.7564102564102565,real_world_sir/tl_multiplicative_results/tl_multiplicative,sir,tl_multiplicative
183,38513.92340959822,38.44196793116296,0.3397435897435897,1.0,0.6602564102564104,real_world_sir/tl_multiplicative_results/tl_multiplicative,sir,tl_multiplicative
184,21523.81655342425,26.373792820750825,0.4725274725274725,baseline,0.5274725274725275,real_world_sir/tl_multiplicative_results/tl_multiplicative,sir,tl_multiplicative
185,23430.73587203812,23.386960279719663,0.4935897435897436,0.125,0.5064102564102564,real_world_sir/tl_multiplicative_results/tl_multiplicative,sir,tl_multiplicative
186,1531.8528502747251,1.528990892962257,0.9743589743589745,0.0,0.0256410256410255,real_world_sir/tl_multiplicative_results/tl_multiplicative,sir,tl_multiplicative
187,29415.58628090659,29.36062920572664,0.3397435897435897,0.5,0.6602564102564104,real_world_sir/tl_multiplicative_results/tl_multiplicative,sir,tl_multiplicative
188,18734.82093492445,18.69981871015928,0.858974358974359,0.0625,0.1410256410256409,real_world_sir/tl_multiplicative_results/tl_multiplicative,sir,tl_multiplicative
189,26482.06638478709,26.43258999837986,0.2948717948717948,0.25,0.7051282051282052,real_world_sir/tl_multiplicative_results/tl_multiplicative,sir,tl_multiplicative
190,39888.09031593406,39.813567484488736,0.5064102564102564,1.0,0.4935897435897436,real_world_sir/tl_multiplicative_results/tl_multiplicative,sir,tl_multiplicative
191,21478.68455804798,26.3184912020678,0.3278388278388278,baseline,0.6721611721611722,real_world_sir/tl_multiplicative_results/tl_multiplicative,sir,tl_multiplicative
192,21694.81478043441,21.65428240567507,0.6474358974358974,0.125,0.3525641025641026,real_world_sir/tl_multiplicative_results/tl_multiplicative,sir,tl_multiplicative
193,1099.4061856112637,1.0973521674516746,0.9294871794871796,0.0,0.0705128205128203,real_world_sir/tl_multiplicative_results/tl_multiplicative,sir,tl_multiplicative
194,30845.66278545673,30.78803390148728,0.4935897435897436,0.5,0.5064102564102564,real_world_sir/tl_multiplicative_results/tl_multiplicative,sir,tl_multiplicative
195,19515.287699605084,19.478827330499275,0.6794871794871794,0.0625,0.3205128205128206,real_world_sir/tl_multiplicative_results/tl_multiplicative,sir,tl_multiplicative
196,33100.53707718063,33.03869541652917,0.4807692307692308,0.25,0.5192307692307692,real_world_sir/tl_multiplicative_results/tl_multiplicative,sir,tl_multiplicative
197,36041.35691749656,35.97402092960269,0.4551282051282052,1.0,0.5448717948717948,real_world_sir/tl_multiplicative_results/tl_multiplicative,sir,tl_multiplicative
198,21503.011793870188,26.348300110533632,0.5054945054945055,baseline,0.4945054945054945,real_world_sir/tl_multiplicative_results/tl_multiplicative,sir,tl_multiplicative
199,22040.61609825721,21.99943766365601,0.6987179487179488,0.125,0.3012820512820512,real_world_sir/tl_multiplicative_results/tl_multiplicative,sir,tl_multiplicative
200,1844.2885581215655,1.8408428778630013,0.9743589743589745,0.0,0.0256410256410255,real_world_sir/tl_multiplicative_results/tl_multiplicative,sir,tl_multiplicative
201,31999.265539148357,31.93948138169032,0.5448717948717948,0.5,0.4551282051282052,real_world_sir/tl_multiplicative_results/tl_multiplicative,sir,tl_multiplicative
202,18584.48803442651,18.54976667628884,0.8269230769230769,0.0625,0.1730769230769231,real_world_sir/tl_multiplicative_results/tl_multiplicative,sir,tl_multiplicative
203,31984.48285113324,31.924726312138723,0.4807692307692308,0.25,0.5192307692307692,real_world_sir/tl_multiplicative_results/tl_multiplicative,sir,tl_multiplicative
204,35971.23226090316,35.90402728675104,0.4935897435897436,1.0,0.5064102564102564,real_world_sir/tl_multiplicative_results/tl_multiplicative,sir,tl_multiplicative
205,13.060312947812289,1.194691263347118,0.5217391304347826,baseline,0.4782608695652174,real_world_rosenbaum_coherent_new/tl_multiplicative_results,rosenbaum_coherent_new,tl_multiplicative
206,10.8887485045281,0.9960475494825556,0.7391304347826086,0.25,0.2608695652173913,real_world_rosenbaum_coherent_new/tl_multiplicative_results,rosenbaum_coherent_new,tl_multiplicative
207,9.947156661213308,0.9099154978738286,0.782608695652174,0.0,0.217391304347826,real_world_rosenbaum_coherent_new/tl_multiplicative_results,rosenbaum_coherent_new,tl_multiplicative
208,12.53743303824162,1.146860858192206,0.7391304347826086,0.5,0.2608695652173913,real_world_rosenbaum_coherent_new/tl_multiplicative_results,rosenbaum_coherent_new,tl_multiplicative
209,9.672514027028845,0.8847925810713044,0.782608695652174,0.125,0.217391304347826,real_world_rosenbaum_coherent_new/tl_multiplicative_results,rosenbaum_coherent_new,tl_multiplicative
210,13.643010055984275,1.247993442788945,0.7391304347826086,1.0,0.2608695652173913,real_world_rosenbaum_coherent_new/tl_multiplicative_results,rosenbaum_coherent_new,tl_multiplicative
211,9.581896058234616,0.876503308367555,0.7391304347826086,0.0625,0.2608695652173913,real_world_rosenbaum_coherent_new/tl_multiplicative_results,rosenbaum_coherent_new,tl_multiplicative
212,12.654861663597218,1.1576026339321734,0.4130434782608695,baseline,0.5869565217391305,real_world_rosenbaum_coherent_new/tl_multiplicative_results,rosenbaum_coherent_new,tl_multiplicative
213,10.696120080809663,0.9784268771595932,0.782608695652174,0.25,0.217391304347826,real_world_rosenbaum_coherent_new/tl_multiplicative_results,rosenbaum_coherent_new,tl_multiplicative
214,10.553008177384088,0.9653357252563648,0.7391304347826086,0.0,0.2608695652173913,real_world_rosenbaum_coherent_new/tl_multiplicative_results,rosenbaum_coherent_new,tl_multiplicative
215,12.16722379822662,1.1129959924402422,0.8043478260869565,0.5,0.1956521739130434,real_world_rosenbaum_coherent_new/tl_multiplicative_results,rosenbaum_coherent_new,tl_multiplicative
216,10.09768368486045,0.9236849474090336,0.7391304347826086,0.125,0.2608695652173913,real_world_rosenbaum_coherent_new/tl_multiplicative_results,rosenbaum_coherent_new,tl_multiplicative
217,13.672284872082695,1.2506713546558834,0.6739130434782609,1.0,0.3260869565217391,real_world_rosenbaum_coherent_new/tl_multiplicative_results,rosenbaum_coherent_new,tl_multiplicative
218,10.323008282979332,0.9442965001233904,0.6956521739130435,0.0625,0.3043478260869565,real_world_rosenbaum_coherent_new/tl_multiplicative_results,rosenbaum_coherent_new,tl_multiplicative
219,13.086487271958504,1.1970855579177346,0.5434782608695652,baseline,0.4565217391304348,real_world_rosenbaum_coherent_new/tl_multiplicative_results,rosenbaum_coherent_new,tl_multiplicative
220,11.284345506861593,1.0322347591139525,0.717391304347826,0.25,0.2826086956521739,real_world_rosenbaum_coherent_new/tl_multiplicative_results,rosenbaum_coherent_new,tl_multiplicative
221,10.331262576338176,0.9450515610626128,0.7391304347826086,0.0,0.2608695652173913,real_world_rosenbaum_coherent_new/tl_multiplicative_results,rosenbaum_coherent_new,tl_multiplicative
222,12.536038276008938,1.1467332724091936,0.6739130434782609,0.5,0.3260869565217391,real_world_rosenbaum_coherent_new/tl_multiplicative_results,rosenbaum_coherent_new,tl_multiplicative
223,10.02078898664834,0.9166510099743944,0.7391304347826086,0.125,0.2608695652173913,real_world_rosenbaum_coherent_new/tl_multiplicative_results,rosenbaum_coherent_new,tl_multiplicative
224,13.635016772505166,1.247262257711213,0.6956521739130435,1.0,0.3043478260869565,real_world_rosenbaum_coherent_new/tl_multiplicative_results,rosenbaum_coherent_new,tl_multiplicative
225,10.02670112554578,0.9171918224891242,0.7391304347826086,0.0625,0.2608695652173913,real_world_rosenbaum_coherent_new/tl_multiplicative_results,rosenbaum_coherent_new,tl_multiplicative
226,12.701114059669386,1.161833568804645,0.3695652173913043,baseline,0.6304347826086957,real_world_rosenbaum_coherent_new/tl_multiplicative_results,rosenbaum_coherent_new,tl_multiplicative
227,11.374114214579263,1.0404463457168776,0.7608695652173914,0.25,0.2391304347826086,real_world_rosenbaum_coherent_new/tl_multiplicative_results,rosenbaum_coherent_new,tl_multiplicative
228,9.42411996703217,0.8620707508570402,0.7391304347826086,0.0,0.2608695652173913,real_world_rosenbaum_coherent_new/tl_multiplicative_results,rosenbaum_coherent_new,tl_multiplicative
229,12.6391453187362,1.1561649823251838,0.7608695652173914,0.5,0.2391304347826086,real_world_rosenbaum_coherent_new/tl_multiplicative_results,rosenbaum_coherent_new,tl_multiplicative
230,10.352635836393938,0.9470066786130038,0.8043478260869565,0.125,0.1956521739130434,real_world_rosenbaum_coherent_new/tl_multiplicative_results,rosenbaum_coherent_new,tl_multiplicative
231,13.515025939941408,1.2362861042362934,0.5434782608695652,1.0,0.4565217391304348,real_world_rosenbaum_coherent_new/tl_multiplicative_results,rosenbaum_coherent_new,tl_multiplicative
232,10.06394366665163,0.9205985814742876,0.7391304347826086,0.0625,0.2608695652173913,real_world_rosenbaum_coherent_new/tl_multiplicative_results,rosenbaum_coherent_new,tl_multiplicative
233,13.111797069604846,1.199400769983938,0.4782608695652174,baseline,0.5217391304347826,real_world_rosenbaum_coherent_new/tl_multiplicative_results,rosenbaum_coherent_new,tl_multiplicative
234,11.927921676635744,1.091105846690485,0.8043478260869565,0.25,0.1956521739130434,real_world_rosenbaum_coherent_new/tl_multiplicative_results,rosenbaum_coherent_new,tl_multiplicative
235,9.726408176698548,0.8897225448488341,0.7391304347826086,0.0,0.2608695652173913,real_world_rosenbaum_coherent_new/tl_multiplicative_results,rosenbaum_coherent_new,tl_multiplicative
236,13.297657026207968,1.2164022972250612,0.8043478260869565,0.5,0.1956521739130434,real_world_rosenbaum_coherent_new/tl_multiplicative_results,rosenbaum_coherent_new,tl_multiplicative
237,10.255783981654954,0.9381471616046452,0.782608695652174,0.125,0.217391304347826,real_world_rosenbaum_coherent_new/tl_multiplicative_results,rosenbaum_coherent_new,tl_multiplicative
238,13.923091970803084,1.273613917427848,0.5869565217391305,1.0,0.4130434782608695,real_world_rosenbaum_coherent_new/tl_multiplicative_results,rosenbaum_coherent_new,tl_multiplicative
239,9.694515584309896,0.8868051720688355,0.7608695652173914,0.0625,0.2391304347826086,real_world_rosenbaum_coherent_new/tl_multiplicative_results,rosenbaum_coherent_new,tl_multiplicative
240,12.456003812154137,0.9285131429112288,0.425,baseline,0.575,real_world_rosenbaum_incoherent/tl_multiplicative_results,rosenbaum_incoherent,tl_multiplicative
241,12.532246994018555,0.9341965705567318,0.425,0.25,0.575,real_world_rosenbaum_incoherent/tl_multiplicative_results,rosenbaum_incoherent,tl_multiplicative
242,13.013172203063965,0.9700463811452824,0.575,0.0,0.425,real_world_rosenbaum_incoherent/tl_multiplicative_results,rosenbaum_incoherent,tl_multiplicative
243,12.526528381347656,0.9337702856017632,0.425,0.5,0.575,real_world_rosenbaum_incoherent/tl_multiplicative_results,rosenbaum_incoherent,tl_multiplicative
244,12.53558390045166,0.9344453149796244,0.425,0.125,0.575,real_world_rosenbaum_incoherent/tl_multiplicative_results,rosenbaum_incoherent,tl_multiplicative
245,12.520100362141926,0.933291119056424,0.425,1.0,0.575,real_world_rosenbaum_incoherent/tl_multiplicative_results,rosenbaum_incoherent,tl_multiplicative
246,12.258691917419434,0.9138048391665624,0.575,0.0625,0.425,real_world_rosenbaum_incoherent/tl_multiplicative_results,rosenbaum_incoherent,tl_multiplicative
247,12.321769999186197,0.9185068952058292,0.425,baseline,0.575,real_world_rosenbaum_incoherent/tl_multiplicative_results,rosenbaum_incoherent,tl_multiplicative
248,12.888777033487957,0.960773539581659,0.525,0.25,0.475,real_world_rosenbaum_incoherent/tl_multiplicative_results,rosenbaum_incoherent,tl_multiplicative
249,12.91037789026896,0.9623837413543764,0.6,0.0,0.4,real_world_rosenbaum_incoherent/tl_multiplicative_results,rosenbaum_incoherent,tl_multiplicative
250,12.411022448221845,0.9251600781380428,0.425,0.5,0.575,real_world_rosenbaum_incoherent/tl_multiplicative_results,rosenbaum_incoherent,tl_multiplicative
251,12.69399497095744,0.9462538181854224,0.575,0.125,0.425,real_world_rosenbaum_incoherent/tl_multiplicative_results,rosenbaum_incoherent,tl_multiplicative
252,12.410416229248048,0.9251148885015318,0.425,1.0,0.575,real_world_rosenbaum_incoherent/tl_multiplicative_results,rosenbaum_incoherent,tl_multiplicative
253,12.701904276529946,0.9468434048848264,0.6,0.0625,0.4,real_world_rosenbaum_incoherent/tl_multiplicative_results,rosenbaum_incoherent,tl_multiplicative
254,12.18648924001058,0.9084226045479374,0.5,baseline,0.5,real_world_rosenbaum_incoherent/tl_multiplicative_results,rosenbaum_incoherent,tl_multiplicative
255,12.456740820566813,0.928568082040016,0.5,0.25,0.5,real_world_rosenbaum_incoherent/tl_multiplicative_results,rosenbaum_incoherent,tl_multiplicative
256,12.939689332326251,0.964568716535688,0.575,0.0,0.425,real_world_rosenbaum_incoherent/tl_multiplicative_results,rosenbaum_incoherent,tl_multiplicative
257,12.217237486521404,0.9107146840493032,0.55,0.5,0.4499999999999999,real_world_rosenbaum_incoherent/tl_multiplicative_results,rosenbaum_incoherent,tl_multiplicative
258,12.945712229410807,0.9650176838919724,0.525,0.125,0.475,real_world_rosenbaum_incoherent/tl_multiplicative_results,rosenbaum_incoherent,tl_multiplicative
259,12.098813143412272,0.9018869283199608,0.625,1.0,0.375,real_world_rosenbaum_incoherent/tl_multiplicative_results,rosenbaum_incoherent,tl_multiplicative
260,12.991370067596437,0.9684211753705878,0.575,0.0625,0.425,real_world_rosenbaum_incoherent/tl_multiplicative_results,rosenbaum_incoherent,tl_multiplicative
261,12.455006797790526,0.928438822049238,0.4,baseline,0.6,real_world_rosenbaum_incoherent/tl_multiplicative_results,rosenbaum_incoherent,tl_multiplicative
262,12.448904534657794,0.927983938476168,0.6,0.25,0.4,real_world_rosenbaum_incoherent/tl_multiplicative_results,rosenbaum_incoherent,tl_multiplicative
263,13.205781987508136,0.9844041735004204,0.6,0.0,0.4,real_world_rosenbaum_incoherent/tl_multiplicative_results,rosenbaum_incoherent,tl_multiplicative
264,12.586983210245767,0.9382767953966282,0.45,0.5,0.55,real_world_rosenbaum_incoherent/tl_multiplicative_results,rosenbaum_incoherent,tl_multiplicative
265,12.818545817057291,0.9555382644097872,0.6,0.125,0.4,real_world_rosenbaum_incoherent/tl_multiplicative_results,rosenbaum_incoherent,tl_multiplicative
266,12.570667940775555,0.937060599386922,0.425,1.0,0.575,real_world_rosenbaum_incoherent/tl_multiplicative_results,rosenbaum_incoherent,tl_multiplicative
267,13.185515243530274,0.9828934210607734,0.6,0.0625,0.4,real_world_rosenbaum_incoherent/tl_multiplicative_results,rosenbaum_incoherent,tl_multiplicative
268,12.262743937174475,0.9141068905832632,0.475,baseline,0.525,real_world_rosenbaum_incoherent/tl_multiplicative_results,rosenbaum_incoherent,tl_multiplicative
269,12.39700591023763,0.9241152374385114,0.475,0.25,0.525,real_world_rosenbaum_incoherent/tl_multiplicative_results,rosenbaum_incoherent,tl_multiplicative
270,13.080531833648685,0.9750675984829432,0.575,0.0,0.425,real_world_rosenbaum_incoherent/tl_multiplicative_results,rosenbaum_incoherent,tl_multiplicative
271,12.396843849182128,0.9241031568529354,0.475,0.5,0.525,real_world_rosenbaum_incoherent/tl_multiplicative_results,rosenbaum_incoherent,tl_multiplicative
272,11.8344149945577,0.8821777856546925,0.575,0.125,0.425,real_world_rosenbaum_incoherent/tl_multiplicative_results,rosenbaum_incoherent,tl_multiplicative
273,12.39990183766683,0.9243311097776244,0.475,1.0,0.525,real_world_rosenbaum_incoherent/tl_multiplicative_results,rosenbaum_incoherent,tl_multiplicative
274,12.380393555959063,0.922876895710702,0.575,0.0625,0.425,real_world_rosenbaum_incoherent/tl_multiplicative_results,rosenbaum_incoherent,tl_multiplicative
275,17.696874105341294,1.7617401489065254,0.7610294117647058,baseline,0.2389705882352941,real_world_lotka_volterra/tl_multiplicative_results,lotka_volterra,tl_multiplicative
276,16.495680163663977,1.642160183479891,0.7205882352941176,0.25,0.2794117647058823,real_world_lotka_volterra/tl_multiplicative_results,lotka_volterra,tl_multiplicative
277,15.711178413727705,1.5640623102892233,0.7426470588235294,0.0,0.2573529411764705,real_world_lotka_volterra/tl_multiplicative_results,lotka_volterra,tl_multiplicative
278,17.013958440892836,1.6937552642758045,0.4558823529411764,0.5,0.5441176470588236,real_world_lotka_volterra/tl_multiplicative_results,lotka_volterra,tl_multiplicative
279,16.171414205551148,1.6098792080979962,0.6911764705882353,0.125,0.3088235294117647,real_world_lotka_volterra/tl_multiplicative_results,lotka_volterra,tl_multiplicative
280,16.97313062286377,1.6896908173126908,0.4558823529411764,1.0,0.5441176470588236,real_world_lotka_volterra/tl_multiplicative_results,lotka_volterra,tl_multiplicative
281,16.237838628320134,1.616491820685026,0.6838235294117647,0.0625,0.3161764705882353,real_world_lotka_volterra/tl_multiplicative_results,lotka_volterra,tl_multiplicative
282,18.733010801427504,1.864888513209998,0.7794117647058824,baseline,0.2205882352941176,real_world_lotka_volterra/tl_multiplicative_results,lotka_volterra,tl_multiplicative
283,16.37959369547227,1.630603668439963,0.7022058823529411,0.25,0.2977941176470589,real_world_lotka_volterra/tl_multiplicative_results,lotka_volterra,tl_multiplicative
284,13.35231350966061,1.3292351321896028,0.8161764705882353,0.0,0.1838235294117647,real_world_lotka_volterra/tl_multiplicative_results,lotka_volterra,tl_multiplicative
285,16.957090303308824,1.6880939886980424,0.5,0.5,0.5,real_world_lotka_volterra/tl_multiplicative_results,lotka_volterra,tl_multiplicative
286,15.960641582489012,1.5888965989587454,0.7022058823529411,0.125,0.2977941176470589,real_world_lotka_volterra/tl_multiplicative_results,lotka_volterra,tl_multiplicative
287,16.98541563101376,1.6909138012113525,0.5,1.0,0.5,real_world_lotka_volterra/tl_multiplicative_results,lotka_volterra,tl_multiplicative
288,15.976631904489851,1.590488450270742,0.6360294117647058,0.0625,0.3639705882352941,real_world_lotka_volterra/tl_multiplicative_results,lotka_volterra,tl_multiplicative
289,18.446633990904864,1.836379437437048,0.7683823529411765,baseline,0.2316176470588234,real_world_lotka_volterra/tl_multiplicative_results,lotka_volterra,tl_multiplicative
290,16.275081254622513,1.6201993585031216,0.7536764705882353,0.25,0.2463235294117647,real_world_lotka_volterra/tl_multiplicative_results,lotka_volterra,tl_multiplicative
291,14.747817888259888,1.4681588809329569,0.8198529411764706,0.0,0.1801470588235294,real_world_lotka_volterra/tl_multiplicative_results,lotka_volterra,tl_multiplicative
292,17.00245219443826,1.692609806822608,0.5073529411764706,0.5,0.4926470588235294,real_world_lotka_volterra/tl_multiplicative_results,lotka_volterra,tl_multiplicative
293,15.542384711546054,1.5472587414642502,0.7463235294117647,0.125,0.2536764705882353,real_world_lotka_volterra/tl_multiplicative_results,lotka_volterra,tl_multiplicative
294,16.97710486423268,1.69008645670863,0.5220588235294118,1.0,0.4779411764705882,real_world_lotka_volterra/tl_multiplicative_results,lotka_volterra,tl_multiplicative
295,15.926004508747775,1.5854484463026697,0.7169117647058824,0.0625,0.2830882352941176,real_world_lotka_volterra/tl_multiplicative_results,lotka_volterra,tl_multiplicative
296,20.050276503619024,1.996023529513692,0.7720588235294118,baseline,0.2279411764705882,real_world_lotka_volterra/tl_multiplicative_results,lotka_volterra,tl_multiplicative
297,16.87286918707455,1.679709698852704,0.5992647058823529,0.25,0.4007352941176471,real_world_lotka_volterra/tl_multiplicative_results,lotka_volterra,tl_multiplicative
298,14.82545029483122,1.4758872586508989,0.8235294117647058,0.0,0.1764705882352941,real_world_lotka_volterra/tl_multiplicative_results,lotka_volterra,tl_multiplicative
299,17.03609282056023,1.6959587621986052,0.5220588235294118,0.5,0.4779411764705882,real_world_lotka_volterra/tl_multiplicative_results,lotka_volterra,tl_multiplicative
300,16.449796551311714,1.637592427526118,0.6397058823529411,0.125,0.3602941176470589,real_world_lotka_volterra/tl_multiplicative_results,lotka_volterra,tl_multiplicative
301,17.022974072175867,1.6946527786901864,0.5220588235294118,1.0,0.4779411764705882,real_world_lotka_volterra/tl_multiplicative_results,lotka_volterra,tl_multiplicative
302,16.63386817752614,1.6559169277879235,0.5808823529411765,0.0625,0.4191176470588235,real_world_lotka_volterra/tl_multiplicative_results,lotka_volterra,tl_multiplicative
303,18.78849412424424,1.8704119291996888,0.7683823529411765,baseline,0.2316176470588234,real_world_lotka_volterra/tl_multiplicative_results,lotka_volterra,tl_multiplicative
304,16.60208713868085,1.652753096041457,0.6544117647058824,0.25,0.3455882352941176,real_world_lotka_volterra/tl_multiplicative_results,lotka_volterra,tl_multiplicative
305,15.711623217638802,1.5641065909290643,0.8161764705882353,0.0,0.1838235294117647,real_world_lotka_volterra/tl_multiplicative_results,lotka_volterra,tl_multiplicative
306,16.991120735168458,1.6914817495949597,0.4779411764705882,0.5,0.5220588235294118,real_world_lotka_volterra/tl_multiplicative_results,lotka_volterra,tl_multiplicative
307,16.242996614119583,1.617005302931455,0.6323529411764706,0.125,0.3676470588235294,real_world_lotka_volterra/tl_multiplicative_results,lotka_volterra,tl_multiplicative
308,17.013777117112106,1.6937372133260962,0.4558823529411764,1.0,0.5441176470588236,real_world_lotka_volterra/tl_multiplicative_results,lotka_volterra,tl_multiplicative
309,16.267264438965743,1.6194211872906712,0.6397058823529411,0.0625,0.3602941176470589,real_world_lotka_volterra/tl_multiplicative_results,lotka_volterra,tl_multiplicative
310,21532.854696085164,26.38486753426325,0.4505494505494505,baseline,0.5494505494505495,real_world_sir/tl_additive_derivative_results/tl_additive_derivative,sir,tl_additive_derivative
311,1646.0227828811817,1.6429475221346217,0.9807692307692308,8.0,0.0192307692307691,real_world_sir/tl_additive_derivative_results/tl_additive_derivative,sir,tl_additive_derivative
312,23754.890839629126,23.710509629297363,0.4935897435897436,1024.0,0.5064102564102564,real_world_sir/tl_additive_derivative_results/tl_additive_derivative,sir,tl_additive_derivative
313,2287.059945913461,2.282787036844496,0.9807692307692308,0.0,0.0192307692307691,real_world_sir/tl_additive_derivative_results/tl_additive_derivative,sir,tl_additive_derivative
314,23939.62209177541,23.894895748451383,0.3333333333333333,64.0,0.6666666666666667,real_world_sir/tl_additive_derivative_results/tl_additive_derivative,sir,tl_additive_derivative
315,22609.44310182005,22.56720192897863,0.6282051282051282,512.0,0.3717948717948718,real_world_sir/tl_additive_derivative_results/tl_additive_derivative,sir,tl_additive_derivative
316,1370.0958855597528,1.3675361384288474,0.9807692307692308,4096.0,0.0192307692307691,real_world_sir/tl_additive_derivative_results/tl_additive_derivative,sir,tl_additive_derivative
317,3818.2963813530223,3.8111626666180713,0.9807692307692308,1.0,0.0192307692307691,real_world_sir/tl_additive_derivative_results/tl_additive_derivative,sir,tl_additive_derivative
318,21489.155771683672,26.331321901415382,0.5238095238095238,baseline,0.4761904761904761,real_world_sir/tl_additive_derivative_results/tl_additive_derivative,sir,tl_additive_derivative
319,842.6977378090659,0.8411233274781452,0.9294871794871796,8.0,0.0705128205128203,real_world_sir/tl_additive_derivative_results/tl_additive_derivative,sir,tl_additive_derivative
320,2416.989247081044,2.4124735913843502,0.9807692307692308,1024.0,0.0192307692307691,real_world_sir/tl_additive_derivative_results/tl_additive_derivative,sir,tl_additive_derivative
321,901.826890882555,0.9001420096849395,0.9743589743589745,0.0,0.0256410256410255,real_world_sir/tl_additive_derivative_results/tl_additive_derivative,sir,tl_additive_derivative
322,3392.94588126717,3.386606847936417,0.9807692307692308,64.0,0.0192307692307691,real_world_sir/tl_additive_derivative_results/tl_additive_derivative,sir,tl_additive_derivative
323,22388.799557864008,22.346970612870685,0.5192307692307693,512.0,0.4807692307692307,real_world_sir/tl_additive_derivative_results/tl_additive_derivative,sir,tl_additive_derivative
324,2785.7013650412086,2.7804968453051244,0.9807692307692308,4096.0,0.0192307692307691,real_world_sir/tl_additive_derivative_results/tl_additive_derivative,sir,tl_additive_derivative
325,1160.1127446771975,1.157945308586766,0.9807692307692308,1.0,0.0192307692307691,real_world_sir/tl_additive_derivative_results/tl_additive_derivative,sir,tl_additive_derivative
326,21523.81655342425,26.373792820750825,0.4725274725274725,baseline,0.5274725274725275,real_world_sir/tl_additive_derivative_results/tl_additive_derivative,sir,tl_additive_derivative
327,1484.2508263221152,1.4814778037663474,0.9551282051282052,8.0,0.0448717948717948,real_world_sir/tl_additive_derivative_results/tl_additive_derivative,sir,tl_additive_derivative
328,22062.310847355773,22.021091880502524,0.6730769230769231,1024.0,0.3269230769230768,real_world_sir/tl_additive_derivative_results/tl_additive_derivative,sir,tl_additive_derivative
329,1531.8528502747251,1.528990892962257,0.9743589743589745,0.0,0.0256410256410255,real_world_sir/tl_additive_derivative_results/tl_additive_derivative,sir,tl_additive_derivative
330,22274.99788590316,22.233381556323376,0.3269230769230769,64.0,0.6730769230769231,real_world_sir/tl_additive_derivative_results/tl_additive_derivative,sir,tl_additive_derivative
331,3691.9488538804944,3.685051193953351,0.9807692307692308,512.0,0.0192307692307691,real_world_sir/tl_additive_derivative_results/tl_additive_derivative,sir,tl_additive_derivative
332,24064.48475060096,24.01952512664596,0.3269230769230769,4096.0,0.6730769230769231,real_world_sir/tl_additive_derivative_results/tl_additive_derivative,sir,tl_additive_derivative
333,1775.5815912603025,1.7722642760768763,0.9807692307692308,1.0,0.0192307692307691,real_world_sir/tl_additive_derivative_results/tl_additive_derivative,sir,tl_additive_derivative
334,21478.68455804798,26.3184912020678,0.3278388278388278,baseline,0.6721611721611722,real_world_sir/tl_additive_derivative_results/tl_additive_derivative,sir,tl_additive_derivative
335,1708.180213341346,1.7049888240041071,0.967948717948718,8.0,0.032051282051282,real_world_sir/tl_additive_derivative_results/tl_additive_derivative,sir,tl_additive_derivative
336,11972.676972441624,11.95030844637533,0.3397435897435897,1024.0,0.6602564102564104,real_world_sir/tl_additive_derivative_results/tl_additive_derivative,sir,tl_additive_derivative
337,1099.4061856112637,1.0973521674516746,0.9294871794871796,0.0,0.0705128205128203,real_world_sir/tl_additive_derivative_results/tl_additive_derivative,sir,tl_additive_derivative
338,8089.276238410028,8.074163061397668,0.7051282051282051,64.0,0.2948717948717949,real_world_sir/tl_additive_derivative_results/tl_additive_derivative,sir,tl_additive_derivative
339,23413.051371480084,23.369308819075147,0.4679487179487179,512.0,0.5320512820512822,real_world_sir/tl_additive_derivative_results/tl_additive_derivative,sir,tl_additive_derivative
340,22890.33634529533,22.847570380224653,0.391025641025641,4096.0,0.608974358974359,real_world_sir/tl_additive_derivative_results/tl_additive_derivative,sir,tl_additive_derivative
341,1501.5511568509614,1.4987458121257005,0.967948717948718,1.0,0.032051282051282,real_world_sir/tl_additive_derivative_results/tl_additive_derivative,sir,tl_additive_derivative
342,21503.011793870188,26.348300110533632,0.5054945054945055,baseline,0.4945054945054945,real_world_sir/tl_additive_derivative_results/tl_additive_derivative,sir,tl_additive_derivative
343,1783.563433636676,1.7802312059946857,0.9807692307692308,8.0,0.0192307692307691,real_world_sir/tl_additive_derivative_results/tl_additive_derivative,sir,tl_additive_derivative
344,21732.911390367448,21.69230783979552,0.5192307692307693,1024.0,0.4807692307692307,real_world_sir/tl_additive_derivative_results/tl_additive_derivative,sir,tl_additive_derivative
345,1844.2885581215655,1.8408428778630013,0.9743589743589745,0.0,0.0256410256410255,real_world_sir/tl_additive_derivative_results/tl_additive_derivative,sir,tl_additive_derivative
346,11912.933872767857,11.89067696460334,0.9615384615384616,64.0,0.0384615384615384,real_world_sir/tl_additive_derivative_results/tl_additive_derivative,sir,tl_additive_derivative
347,23619.533567994506,23.57540524535576,0.282051282051282,512.0,0.7179487179487181,real_world_sir/tl_additive_derivative_results/tl_additive_derivative,sir,tl_additive_derivative
348,23363.15384078812,23.31950451183008,0.173076923076923,4096.0,0.826923076923077,real_world_sir/tl_additive_derivative_results/tl_additive_derivative,sir,tl_additive_derivative
349,2088.998347355769,2.0850954763359613,0.9743589743589745,1.0,0.0256410256410255,real_world_sir/tl_additive_derivative_results/tl_additive_derivative,sir,tl_additive_derivative
350,17.696874105341294,1.7617401489065254,0.7610294117647058,baseline,0.2389705882352941,real_world_lotka_volterra/tl_additive_derivative_results/tl_additive_derivative,lotka_volterra,tl_additive_derivative
351,14.706688341589537,1.46406439660515,0.7463235294117647,0.25,0.2536764705882353,real_world_lotka_volterra/tl_additive_derivative_results/tl_additive_derivative,lotka_volterra,tl_additive_derivative
352,15.711178413727705,1.5640623102892233,0.7426470588235294,0.0,0.2573529411764705,real_world_lotka_volterra/tl_additive_derivative_results/tl_additive_derivative,lotka_volterra,tl_additive_derivative
353,14.92439997807671,1.4857377909345948,0.7132352941176471,0.5,0.2867647058823529,real_world_lotka_volterra/tl_additive_derivative_results/tl_additive_derivative,lotka_volterra,tl_additive_derivative
354,16.500872588774737,1.6426770941915434,0.7205882352941176,0.125,0.2794117647058823,real_world_lotka_volterra/tl_additive_derivative_results/tl_additive_derivative,lotka_volterra,tl_additive_derivative
355,18.045187277064606,1.7964150465955315,0.6654411764705882,1.0,0.3345588235294118,real_world_lotka_volterra/tl_additive_derivative_results/tl_additive_derivative,lotka_volterra,tl_additive_derivative
356,18.045187277064606,1.7964150465955315,0.6654411764705882,0.0625,0.3345588235294118,real_world_lotka_volterra/tl_additive_derivative_results/tl_additive_derivative,lotka_volterra,tl_additive_derivative
357,18.733010801427504,1.864888513209998,0.7794117647058824,baseline,0.2205882352941176,real_world_lotka_volterra/tl_additive_derivative_results/tl_additive_derivative,lotka_volterra,tl_additive_derivative
358,16.517587397407084,1.6443410688163054,0.6875,0.25,0.3125,real_world_lotka_volterra/tl_additive_derivative_results/tl_additive_derivative,lotka_volterra,tl_additive_derivative
359,13.35231350966061,1.3292351321896028,0.8161764705882353,0.0,0.1838235294117647,real_world_lotka_volterra/tl_additive_derivative_results/tl_additive_derivative,lotka_volterra,tl_additive_derivative
360,16.479946683547077,1.6405939010144697,0.7279411764705882,0.5,0.2720588235294118,real_world_lotka_volterra/tl_additive_derivative_results/tl_additive_derivative,lotka_volterra,tl_additive_derivative
361,15.069511225756475,1.5001837495583383,0.7647058823529411,0.125,0.2352941176470588,real_world_lotka_volterra/tl_additive_derivative_results/tl_additive_derivative,lotka_volterra,tl_additive_derivative
362,15.817994947096878,1.574695994762725,0.7426470588235294,1.0,0.2573529411764705,real_world_lotka_volterra/tl_additive_derivative_results/tl_additive_derivative,lotka_volterra,tl_additive_derivative
363,15.817994947096878,1.574695994762725,0.7426470588235294,0.0625,0.2573529411764705,real_world_lotka_volterra/tl_additive_derivative_results/tl_additive_derivative,lotka_volterra,tl_additive_derivative
364,18.446633990904864,1.836379437437048,0.7683823529411765,baseline,0.2316176470588234,real_world_lotka_volterra/tl_additive_derivative_results/tl_additive_derivative,lotka_volterra,tl_additive_derivative
365,18.17183023733251,1.8090224701637996,0.7279411764705882,0.25,0.2720588235294118,real_world_lotka_volterra/tl_additive_derivative_results/tl_additive_derivative,lotka_volterra,tl_additive_derivative
366,14.747817888259888,1.4681588809329569,0.8198529411764706,0.0,0.1801470588235294,real_world_lotka_volterra/tl_additive_derivative_results/tl_additive_derivative,lotka_volterra,tl_additive_derivative
367,15.40392656247756,1.5334751049471305,0.6911764705882353,0.5,0.3088235294117647,real_world_lotka_volterra/tl_additive_derivative_results/tl_additive_derivative,lotka_volterra,tl_additive_derivative
368,17.345564926371857,1.7267669959312753,0.6911764705882353,0.125,0.3088235294117647,real_world_lotka_volterra/tl_additive_derivative_results/tl_additive_derivative,lotka_volterra,tl_additive_derivative
369,16.129582570244285,1.6057148301984965,0.7205882352941176,1.0,0.2794117647058823,real_world_lotka_volterra/tl_additive_derivative_results/tl_additive_derivative,lotka_volterra,tl_additive_derivative
370,16.129582570244285,1.6057148301984965,0.7205882352941176,0.0625,0.2794117647058823,real_world_lotka_volterra/tl_additive_derivative_results/tl_additive_derivative,lotka_volterra,tl_additive_derivative
371,20.050276503619024,1.996023529513692,0.7720588235294118,baseline,0.2279411764705882,real_world_lotka_volterra/tl_additive_derivative_results/tl_additive_derivative,lotka_volterra,tl_additive_derivative
372,16.07094526807,1.5998774326530831,0.6875,0.25,0.3125,real_world_lotka_volterra/tl_additive_derivative_results/tl_additive_derivative,lotka_volterra,tl_additive_derivative
373,14.82545029483122,1.4758872586508989,0.8235294117647058,0.0,0.1764705882352941,real_world_lotka_volterra/tl_additive_derivative_results/tl_additive_derivative,lotka_volterra,tl_additive_derivative
374,13.936967240838442,1.387437950681322,0.6838235294117647,0.5,0.3161764705882353,real_world_lotka_volterra/tl_additive_derivative_results/tl_additive_derivative,lotka_volterra,tl_additive_derivative
375,17.200801818623262,1.7123556949589636,0.6764705882352942,0.125,0.3235294117647058,real_world_lotka_volterra/tl_additive_derivative_results/tl_additive_derivative,lotka_volterra,tl_additive_derivative
376,17.448247647229365,1.7369891555543149,0.6507352941176471,1.0,0.3492647058823529,real_world_lotka_volterra/tl_additive_derivative_results/tl_additive_derivative,lotka_volterra,tl_additive_derivative
377,17.448247647229365,1.7369891555543149,0.6507352941176471,0.0625,0.3492647058823529,real_world_lotka_volterra/tl_additive_derivative_results/tl_additive_derivative,lotka_volterra,tl_additive_derivative
378,18.78849412424424,1.8704119291996888,0.7683823529411765,baseline,0.2316176470588234,real_world_lotka_volterra/tl_additive_derivative_results/tl_additive_derivative,lotka_volterra,tl_additive_derivative
379,17.347430677189543,1.7269527331470007,0.7683823529411765,0.25,0.2316176470588234,real_world_lotka_volterra/tl_additive_derivative_results/tl_additive_derivative,lotka_volterra,tl_additive_derivative
380,15.711623217638802,1.5641065909290643,0.8161764705882353,0.0,0.1838235294117647,real_world_lotka_volterra/tl_additive_derivative_results/tl_additive_derivative,lotka_volterra,tl_additive_derivative
381,14.271444494696226,1.4207354699782135,0.7573529411764706,0.5,0.2426470588235294,real_world_lotka_volterra/tl_additive_derivative_results/tl_additive_derivative,lotka_volterra,tl_additive_derivative
382,16.666893577800078,1.6592046368629825,0.7242647058823529,0.125,0.2757352941176471,real_world_lotka_volterra/tl_additive_derivative_results/tl_additive_derivative,lotka_volterra,tl_additive_derivative
383,15.177856194327862,1.510969591166751,0.6727941176470589,1.0,0.3272058823529411,real_world_lotka_volterra/tl_additive_derivative_results/tl_additive_derivative,lotka_volterra,tl_additive_derivative
384,15.177856194327862,1.510969591166751,0.6727941176470589,0.0625,0.3272058823529411,real_world_lotka_volterra/tl_additive_derivative_results/tl_additive_derivative,lotka_volterra,tl_additive_derivative
385,21532.854696085164,26.38486753426325,0.4505494505494505,baseline,0.5494505494505495,real_world_sir/tl_multiplicative_derivative_results/tl_multiplicative_derivative,sir,tl_multiplicative_derivative
386,9395.499527815931,9.37794593670364,0.9807692307692308,0.125,0.0192307692307691,real_world_sir/tl_multiplicative_derivative_results/tl_multiplicative_derivative,sir,tl_multiplicative_derivative
387,2287.059945913461,2.282787036844496,0.9807692307692308,0.0,0.0192307692307691,real_world_sir/tl_multiplicative_derivative_results/tl_multiplicative_derivative,sir,tl_multiplicative_derivative
388,10098.755762791896,10.079888279601873,0.9807692307692308,0.5,0.0192307692307691,real_world_sir/tl_multiplicative_derivative_results/tl_multiplicative_derivative,sir,tl_multiplicative_derivative
389,8110.541723901098,8.095388816628947,0.9807692307692308,0.0625,0.0192307692307691,real_world_sir/tl_multiplicative_derivative_results/tl_multiplicative_derivative,sir,tl_multiplicative_derivative
390,8405.310836624314,8.389607212866895,0.9807692307692308,0.25,0.0192307692307691,real_world_sir/tl_multiplicative_derivative_results/tl_multiplicative_derivative,sir,tl_multiplicative_derivative
391,15199.515989869504,15.17111876756099,0.9807692307692308,1.0,0.0192307692307691,real_world_sir/tl_multiplicative_derivative_results/tl_multiplicative_derivative,sir,tl_multiplicative_derivative
392,21489.155771683672,26.331321901415382,0.5238095238095238,baseline,0.4761904761904761,real_world_sir/tl_multiplicative_derivative_results/tl_multiplicative_derivative,sir,tl_multiplicative_derivative
393,9545.612948574864,9.527778900888585,0.9807692307692308,0.125,0.0192307692307691,real_world_sir/tl_multiplicative_derivative_results/tl_multiplicative_derivative,sir,tl_multiplicative_derivative
394,901.826890882555,0.9001420096849395,0.9743589743589745,0.0,0.0256410256410255,real_world_sir/tl_multiplicative_derivative_results/tl_multiplicative_derivative,sir,tl_multiplicative_derivative
395,8417.78068123283,8.402053760092144,0.9807692307692308,0.5,0.0192307692307691,real_world_sir/tl_multiplicative_derivative_results/tl_multiplicative_derivative,sir,tl_multiplicative_derivative
396,7890.703135731456,7.875960952410278,0.9807692307692308,0.0625,0.0192307692307691,real_world_sir/tl_multiplicative_derivative_results/tl_multiplicative_derivative,sir,tl_multiplicative_derivative
397,9532.021098042582,9.514212443980773,0.9807692307692308,0.25,0.0192307692307691,real_world_sir/tl_multiplicative_derivative_results/tl_multiplicative_derivative,sir,tl_multiplicative_derivative
398,16874.28970638736,16.842763508026184,0.9807692307692308,1.0,0.0192307692307691,real_world_sir/tl_multiplicative_derivative_results/tl_multiplicative_derivative,sir,tl_multiplicative_derivative
399,21523.81655342425,26.373792820750825,0.4725274725274725,baseline,0.5274725274725275,real_world_sir/tl_multiplicative_derivative_results/tl_multiplicative_derivative,sir,tl_multiplicative_derivative
400,8791.100929344093,8.774676534804586,0.9807692307692308,0.125,0.0192307692307691,real_world_sir/tl_multiplicative_derivative_results/tl_multiplicative_derivative,sir,tl_multiplicative_derivative
401,1531.8528502747251,1.528990892962257,0.9743589743589745,0.0,0.0256410256410255,real_world_sir/tl_multiplicative_derivative_results/tl_multiplicative_derivative,sir,tl_multiplicative_derivative
402,8564.590026184753,8.548588821467646,0.9807692307692308,0.5,0.0192307692307691,real_world_sir/tl_multiplicative_derivative_results/tl_multiplicative_derivative,sir,tl_multiplicative_derivative
403,7534.850231799451,7.5207728876763635,0.9807692307692308,0.0625,0.0192307692307691,real_world_sir/tl_multiplicative_derivative_results/tl_multiplicative_derivative,sir,tl_multiplicative_derivative
404,9327.780970982143,9.310353898300708,0.9807692307692308,0.25,0.0192307692307691,real_world_sir/tl_multiplicative_derivative_results/tl_multiplicative_derivative,sir,tl_multiplicative_derivative
405,15538.739515367446,15.509708522492012,0.9807692307692308,1.0,0.0192307692307691,real_world_sir/tl_multiplicative_derivative_results/tl_multiplicative_derivative,sir,tl_multiplicative_derivative
406,21478.68455804798,26.3184912020678,0.3278388278388278,baseline,0.6721611721611722,real_world_sir/tl_multiplicative_derivative_results/tl_multiplicative_derivative,sir,tl_multiplicative_derivative
407,9034.78138950893,9.017901727301416,0.9807692307692308,0.125,0.0192307692307691,real_world_sir/tl_multiplicative_derivative_results/tl_multiplicative_derivative,sir,tl_multiplicative_derivative
408,1099.4061856112637,1.0973521674516746,0.9294871794871796,0.0,0.0705128205128203,real_world_sir/tl_multiplicative_derivative_results/tl_multiplicative_derivative,sir,tl_multiplicative_derivative
409,7850.720424107143,7.836052940398193,0.9807692307692308,0.5,0.0192307692307691,real_world_sir/tl_multiplicative_derivative_results/tl_multiplicative_derivative,sir,tl_multiplicative_derivative
410,8404.284050910028,8.388582345494102,0.9807692307692308,0.0625,0.0192307692307691,real_world_sir/tl_multiplicative_derivative_results/tl_multiplicative_derivative,sir,tl_multiplicative_derivative
411,9478.99126459478,9.461281686054216,0.9807692307692308,0.25,0.0192307692307691,real_world_sir/tl_multiplicative_derivative_results/tl_multiplicative_derivative,sir,tl_multiplicative_derivative
412,14340.173710078983,14.313381995062583,0.9807692307692308,1.0,0.0192307692307691,real_world_sir/tl_multiplicative_derivative_results/tl_multiplicative_derivative,sir,tl_multiplicative_derivative
413,21503.011793870188,26.348300110533632,0.5054945054945055,baseline,0.4945054945054945,real_world_sir/tl_multiplicative_derivative_results/tl_multiplicative_derivative,sir,tl_multiplicative_derivative
414,9238.18054601648,9.220920873612029,0.9807692307692308,0.125,0.0192307692307691,real_world_sir/tl_multiplicative_derivative_results/tl_multiplicative_derivative,sir,tl_multiplicative_derivative
415,1844.2885581215655,1.8408428778630013,0.9743589743589745,0.0,0.0256410256410255,real_world_sir/tl_multiplicative_derivative_results/tl_multiplicative_derivative,sir,tl_multiplicative_derivative
416,11473.927712912087,11.452490998990898,0.9807692307692308,0.5,0.0192307692307691,real_world_sir/tl_multiplicative_derivative_results/tl_multiplicative_derivative,sir,tl_multiplicative_derivative
417,8458.27126974588,8.44246870012769,0.9807692307692308,0.0625,0.0192307692307691,real_world_sir/tl_multiplicative_derivative_results/tl_multiplicative_derivative,sir,tl_multiplicative_derivative
418,11011.249087826236,10.99067679536312,0.9807692307692308,0.25,0.0192307692307691,real_world_sir/tl_multiplicative_derivative_results/tl_multiplicative_derivative,sir,tl_multiplicative_derivative
419,15875.486671531591,15.84582653468462,0.9807692307692308,1.0,0.0192307692307691,real_world_sir/tl_multiplicative_derivative_results/tl_multiplicative_derivative,sir,tl_multiplicative_derivative
420,17.696874105341294,1.7617401489065254,0.7610294117647058,baseline,0.2389705882352941,real_world_lotka_volterra/tl_multiplicative_derivative_results/tl_multiplicative_derivative,lotka_volterra,tl_multiplicative_derivative
421,15.880416632035198,1.5809101311047495,0.7132352941176471,0.25,0.2867647058823529,real_world_lotka_volterra/tl_multiplicative_derivative_results/tl_multiplicative_derivative,lotka_volterra,tl_multiplicative_derivative
422,15.711178413727705,1.5640623102892233,0.7426470588235294,0.0,0.2573529411764705,real_world_lotka_volterra/tl_multiplicative_derivative_results/tl_multiplicative_derivative,lotka_volterra,tl_multiplicative_derivative
423,15.645445944056792,1.5575185822716815,0.7352941176470589,0.5,0.2647058823529411,real_world_lotka_volterra/tl_multiplicative_derivative_results/tl_multiplicative_derivative,lotka_volterra,tl_multiplicative_derivative
424,17.52349024626788,1.7444796257269095,0.7352941176470589,0.125,0.2647058823529411,real_world_lotka_volterra/tl_multiplicative_derivative_results/tl_multiplicative_derivative,lotka_volterra,tl_multiplicative_derivative
425,15.043263867322135,1.4975708008035886,0.6764705882352942,1.0,0.3235294117647058,real_world_lotka_volterra/tl_multiplicative_derivative_results/tl_multiplicative_derivative,lotka_volterra,tl_multiplicative_derivative
426,15.043263867322135,1.4975708008035886,0.6764705882352942,0.0625,0.3235294117647058,real_world_lotka_volterra/tl_multiplicative_derivative_results/tl_multiplicative_derivative,lotka_volterra,tl_multiplicative_derivative
427,18.733010801427504,1.864888513209998,0.7794117647058824,baseline,0.2205882352941176,real_world_lotka_volterra/tl_multiplicative_derivative_results/tl_multiplicative_derivative,lotka_volterra,tl_multiplicative_derivative
428,16.534669219521913,1.64604157997195,0.7536764705882353,0.25,0.2463235294117647,real_world_lotka_volterra/tl_multiplicative_derivative_results/tl_multiplicative_derivative,lotka_volterra,tl_multiplicative_derivative
429,13.35231350966061,1.3292351321896028,0.8161764705882353,0.0,0.1838235294117647,real_world_lotka_volterra/tl_multiplicative_derivative_results/tl_multiplicative_derivative,lotka_volterra,tl_multiplicative_derivative
430,16.37416775019029,1.6300635105797592,0.7132352941176471,0.5,0.2867647058823529,real_world_lotka_volterra/tl_multiplicative_derivative_results/tl_multiplicative_derivative,lotka_volterra,tl_multiplicative_derivative
431,17.81239367687001,1.773240228860487,0.7132352941176471,0.125,0.2867647058823529,real_world_lotka_volterra/tl_multiplicative_derivative_results/tl_multiplicative_derivative,lotka_volterra,tl_multiplicative_derivative
432,15.587403450909784,1.551740398513859,0.6838235294117647,1.0,0.3161764705882353,real_world_lotka_volterra/tl_multiplicative_derivative_results/tl_multiplicative_derivative,lotka_volterra,tl_multiplicative_derivative
433,15.587403450909784,1.551740398513859,0.6838235294117647,0.0625,0.3161764705882353,real_world_lotka_volterra/tl_multiplicative_derivative_results/tl_multiplicative_derivative,lotka_volterra,tl_multiplicative_derivative
434,18.446633990904864,1.836379437437048,0.7683823529411765,baseline,0.2316176470588234,real_world_lotka_volterra/tl_multiplicative_derivative_results/tl_multiplicative_derivative,lotka_volterra,tl_multiplicative_derivative
435,18.647812485638788,1.8564069422471976,0.7132352941176471,0.25,0.2867647058823529,real_world_lotka_volterra/tl_multiplicative_derivative_results/tl_multiplicative_derivative,lotka_volterra,tl_multiplicative_derivative
436,14.747817888259888,1.4681588809329569,0.8198529411764706,0.0,0.1801470588235294,real_world_lotka_volterra/tl_multiplicative_derivative_results/tl_multiplicative_derivative,lotka_volterra,tl_multiplicative_derivative
437,15.35935604981815,1.5290380692795869,0.7058823529411765,0.5,0.2941176470588235,real_world_lotka_volterra/tl_multiplicative_derivative_results/tl_multiplicative_derivative,lotka_volterra,tl_multiplicative_derivative
438,17.971460312562833,1.7890754592397862,0.7316176470588235,0.125,0.2683823529411765,real_world_lotka_volterra/tl_multiplicative_derivative_results/tl_multiplicative_derivative,lotka_volterra,tl_multiplicative_derivative
439,15.169960393793446,1.5101835569368391,0.6727941176470589,1.0,0.3272058823529411,real_world_lotka_volterra/tl_multiplicative_derivative_results/tl_multiplicative_derivative,lotka_volterra,tl_multiplicative_derivative
440,15.169960393793446,1.5101835569368391,0.6727941176470589,0.0625,0.3272058823529411,real_world_lotka_volterra/tl_multiplicative_derivative_results/tl_multiplicative_derivative,lotka_volterra,tl_multiplicative_derivative
441,20.050276503619024,1.996023529513692,0.7720588235294118,baseline,0.2279411764705882,real_world_lotka_volterra/tl_multiplicative_derivative_results/tl_multiplicative_derivative,lotka_volterra,tl_multiplicative_derivative
442,17.26188882076039,1.7184369623964053,0.6948529411764706,0.25,0.3051470588235294,real_world_lotka_volterra/tl_multiplicative_derivative_results/tl_multiplicative_derivative,lotka_volterra,tl_multiplicative_derivative
443,14.82545029483122,1.4758872586508989,0.8235294117647058,0.0,0.1764705882352941,real_world_lotka_volterra/tl_multiplicative_derivative_results/tl_multiplicative_derivative,lotka_volterra,tl_multiplicative_derivative
444,15.549744301964257,1.5479913954822466,0.6838235294117647,0.5,0.3161764705882353,real_world_lotka_volterra/tl_multiplicative_derivative_results/tl_multiplicative_derivative,lotka_volterra,tl_multiplicative_derivative
445,18.221766364378087,1.8139936576951912,0.7316176470588235,0.125,0.2683823529411765,real_world_lotka_volterra/tl_multiplicative_derivative_results/tl_multiplicative_derivative,lotka_volterra,tl_multiplicative_derivative
446,14.900000039268942,1.483308754508578,0.7573529411764706,1.0,0.2426470588235294,real_world_lotka_volterra/tl_multiplicative_derivative_results/tl_multiplicative_derivative,lotka_volterra,tl_multiplicative_derivative
447,14.900000039268942,1.483308754508578,0.7573529411764706,0.0625,0.2426470588235294,real_world_lotka_volterra/tl_multiplicative_derivative_results/tl_multiplicative_derivative,lotka_volterra,tl_multiplicative_derivative
448,18.78849412424424,1.8704119291996888,0.7683823529411765,baseline,0.2316176470588234,real_world_lotka_volterra/tl_multiplicative_derivative_results/tl_multiplicative_derivative,lotka_volterra,tl_multiplicative_derivative
449,16.095286898669077,1.6023006644431146,0.7794117647058824,0.25,0.2205882352941176,real_world_lotka_volterra/tl_multiplicative_derivative_results/tl_multiplicative_derivative,lotka_volterra,tl_multiplicative_derivative
450,15.711623217638802,1.5641065909290643,0.8161764705882353,0.0,0.1838235294117647,real_world_lotka_volterra/tl_multiplicative_derivative_results/tl_multiplicative_derivative,lotka_volterra,tl_multiplicative_derivative
451,16.16487031846888,1.609227758099871,0.6727941176470589,0.5,0.3272058823529411,real_world_lotka_volterra/tl_multiplicative_derivative_results/tl_multiplicative_derivative,lotka_volterra,tl_multiplicative_derivative
452,16.737178783192356,1.6662015939231192,0.7132352941176471,0.125,0.2867647058823529,real_world_lotka_volterra/tl_multiplicative_derivative_results/tl_multiplicative_derivative,lotka_volterra,tl_multiplicative_derivative
453,15.34084090502122,1.527194869528184,0.6838235294117647,1.0,0.3161764705882353,real_world_lotka_volterra/tl_multiplicative_derivative_results/tl_multiplicative_derivative,lotka_volterra,tl_multiplicative_derivative
454,15.34084090502122,1.527194869528184,0.6838235294117647,0.0625,0.3161764705882353,real_world_lotka_volterra/tl_multiplicative_derivative_results/tl_multiplicative_derivative,lotka_volterra,tl_multiplicative_derivative
